X1,X2,X3,X4,X5,X6,X7,X8,Y1,Y2,Y3
0.98,514.5,294,110.25,7,2,0,0,0,21.33,Efficient
0.98,514.5,294,110.25,7,3,0,0,0,21.33,Efficient
0.98,514.5,294,110.25,7,4,0,,0,21.33,Efficient
0.98,514.5,294,110.25,7,5,0,,0,21.33,Efficient
0.9,563.5,318.5,122.5,7,2,0,,0,28.28,Inefficient
0.9,563.5,318.5,122.5,7,3,0,,1,25.38,Inefficient
0.9,563.5,318.5,122.5,7,4,0,,0,25.16,Inefficient
0.9,563.5,318.5,122.5,7,5,0,,0,29.6,Inefficient
0.86,588,294,147,7,2,0,,0,27.3,Inefficient
0.86,588,294,147,7,3,0,,0,21.97,Efficient
0.86,588,294,147,7,4,0,,0,23.49,Efficient
0.86,588,294,147,7,5,0,,0,27.87,Inefficient
0.82,612.5,318.5,147,7,2,0,,0,23.77,Efficient
0.82,612.5,318.5,147,7,3,0,,0,21.46,Efficient
0.82,612.5,318.5,147,7,4,0,0,0,21.16,Efficient
0.82,612.5,318.5,147,7,5,0,0,0,24.93,Inefficient
0.79,637,343,147,7,2,0,0,1,37.73,Inefficient
0.79,637,343,147,7,3,0,0,1,31.27,Inefficient
0.79,637,343,147,7,4,0,,1,30.93,Inefficient
0.79,637,343,147,7,5,0,,1,39.44,Inefficient
0.76,661.5,416.5,122.5,7,2,0,,1,29.79,Inefficient
0.76,661.5,416.5,122.5,7,3,0,0,1,29.68,Inefficient
0.76,661.5,416.5,122.5,7,4,0,0,1,29.79,Inefficient
0.76,661.5,416.5,122.5,7,5,0,,1,29.4,Inefficient
0.74,686,245,220.5,3.5,2,0,0,0,10.9,Efficient
0.74,686,245,220.5,3.5,3,0,0,0,11.19,Efficient
0.74,686,245,220.5,3.5,4,0,,0,10.94,Efficient
0.74,686,245,220.5,3.5,5,0,,0,11.17,Efficient
0.71,710.5,269.5,220.5,3.5,2,0,,0,11.27,Efficient
0.71,710.5,269.5,220.5,3.5,3,0,,0,11.72,Efficient
0.71,710.5,269.5,220.5,3.5,4,0,0,0,11.29,Efficient
0.71,710.5,269.5,220.5,3.5,5,0,,0,11.67,Efficient
0.69,735,294,220.5,3.5,2,0,0,0,11.74,Efficient
0.69,735,294,220.5,3.5,3,0,,0,12.05,Efficient
0.69,735,294,220.5,3.5,4,0,,0,11.73,Efficient
0.69,735,294,220.5,3.5,5,0,,0,11.93,Efficient
0.66,759.5,318.5,220.5,3.5,2,0,,0,12.4,Efficient
0.66,759.5,318.5,220.5,3.5,3,0,,0,12.23,Efficient
0.66,759.5,318.5,220.5,3.5,4,0,,0,12.4,Efficient
0.66,759.5,318.5,220.5,3.5,5,0,,0,12.14,Efficient
0.64,784,343,220.5,3.5,2,0,,0,16.78,Efficient
0.64,784,343,220.5,3.5,3,0,,0,16.8,Efficient
0.64,784,343,220.5,3.5,4,0,,0,16.75,Efficient
0.64,784,343,220.5,3.5,5,0,,0,16.67,Efficient
0.62,808.5,367.5,220.5,3.5,2,0,,0,12.07,Efficient
0.62,808.5,367.5,220.5,3.5,3,0,,0,12.22,Efficient
0.62,808.5,367.5,220.5,3.5,4,0,,0,12.08,Efficient
0.62,808.5,367.5,220.5,3.5,5,0,0,0,12.04,Efficient
0.98,514.5,294,110.25,7,2,0.1,1,1,26.47,Inefficient
0.98,514.5,294,110.25,7,3,0.1,1,1,26.37,Inefficient
0.98,514.5,294,110.25,7,4,0.1,1,1,26.44,Inefficient
0.98,514.5,294,110.25,7,5,0.1,,1,26.29,Inefficient
0.9,563.5,318.5,122.5,7,2,0.1,,1,32.92,Inefficient
0.9,563.5,318.5,122.5,7,3,0.1,,1,29.87,Inefficient
0.9,563.5,318.5,122.5,7,4,0.1,,1,29.58,Inefficient
0.9,563.5,318.5,122.5,7,5,0.1,,1,34.33,Inefficient
0.86,588,294,147,7,2,0.1,,1,30.89,Inefficient
0.86,588,294,147,7,3,0.1,,1,25.6,Inefficient
0.86,588,294,147,7,4,0.1,,1,27.03,Inefficient
0.86,588,294,147,7,5,0.1,,1,31.73,Inefficient
0.82,612.5,318.5,147,7,2,0.1,,1,27.31,Inefficient
0.82,612.5,318.5,147,7,3,0.1,,1,24.91,Inefficient
0.82,612.5,318.5,147,7,4,0.1,,1,24.61,Inefficient
0.82,612.5,318.5,147,7,5,0.1,,1,28.51,Inefficient
0.79,637,343,147,7,2,0.1,,1,41.68,Inefficient
0.79,637,343,147,7,3,0.1,,1,35.28,Inefficient
0.79,637,343,147,7,4,0.1,1,1,34.43,Inefficient
0.79,637,343,147,7,5,0.1,1,1,43.33,Inefficient
0.76,661.5,416.5,122.5,7,2,0.1,1,1,33.87,Inefficient
0.76,661.5,416.5,122.5,7,3,0.1,1,1,34.07,Inefficient
0.76,661.5,416.5,122.5,7,4,0.1,,1,34.14,Inefficient
0.76,661.5,416.5,122.5,7,5,0.1,1,1,33.67,Inefficient
0.74,686,245,220.5,3.5,2,0.1,1,0,13.43,Efficient
0.74,686,245,220.5,3.5,3,0.1,1,0,13.71,Efficient
0.74,686,245,220.5,3.5,4,0.1,,0,13.48,Efficient
0.74,686,245,220.5,3.5,5,0.1,1,0,13.7,Efficient
0.71,710.5,269.5,220.5,3.5,2,0.1,1,0,13.8,Efficient
0.71,710.5,269.5,220.5,3.5,3,0.1,,0,14.28,Efficient
0.71,710.5,269.5,220.5,3.5,4,0.1,1,0,13.87,Efficient
0.71,710.5,269.5,220.5,3.5,5,0.1,1,0,14.27,Efficient
0.69,735,294,220.5,3.5,2,0.1,,0,14.28,Efficient
0.69,735,294,220.5,3.5,3,0.1,1,0,14.61,Efficient
0.69,735,294,220.5,3.5,4,0.1,1,0,14.3,Efficient
0.69,735,294,220.5,3.5,5,0.1,1,0,14.45,Efficient
0.66,759.5,318.5,220.5,3.5,2,0.1,1,0,13.9,Efficient
0.66,759.5,318.5,220.5,3.5,3,0.1,1,0,13.72,Efficient
0.66,759.5,318.5,220.5,3.5,4,0.1,1,0,13.88,Efficient
0.66,759.5,318.5,220.5,3.5,5,0.1,,0,13.65,Efficient
0.64,784,343,220.5,3.5,2,0.1,,0,19.37,Efficient
0.64,784,343,220.5,3.5,3,0.1,,0,19.43,Efficient
0.64,784,343,220.5,3.5,4,0.1,,0,19.34,Efficient
0.64,784,343,220.5,3.5,5,0.1,1,0,19.32,Efficient
0.62,808.5,367.5,220.5,3.5,2,0.1,1,0,14.34,Efficient
0.62,808.5,367.5,220.5,3.5,3,0.1,,0,14.5,Efficient
0.62,808.5,367.5,220.5,3.5,4,0.1,1,0,14.33,Efficient
0.62,808.5,367.5,220.5,3.5,5,0.1,1,0,14.27,Efficient
0.98,514.5,294,110.25,7,2,0.1,2,1,25.95,Inefficient
0.98,514.5,294,110.25,7,3,0.1,2,1,25.63,Inefficient
0.98,514.5,294,110.25,7,4,0.1,2,1,26.13,Inefficient
0.98,514.5,294,110.25,7,5,0.1,,1,25.89,Inefficient
0.9,563.5,318.5,122.5,7,2,0.1,2,1,32.54,Inefficient
0.9,563.5,318.5,122.5,7,3,0.1,,1,29.44,Inefficient
0.9,563.5,318.5,122.5,7,4,0.1,2,1,29.36,Inefficient
0.9,563.5,318.5,122.5,7,5,0.1,2,1,34.2,Inefficient
0.86,588,294,147,7,2,0.1,,1,30.91,Inefficient
0.86,588,294,147,7,3,0.1,,1,25.63,Inefficient
0.86,588,294,147,7,4,0.1,,1,27.36,Inefficient
0.86,588,294,147,7,5,0.1,,1,31.9,Inefficient
0.82,612.5,318.5,147,7,2,0.1,,1,27.38,Inefficient
0.82,612.5,318.5,147,7,3,0.1,,1,25.02,Inefficient
0.82,612.5,318.5,147,7,4,0.1,,1,24.8,Inefficient
0.82,612.5,318.5,147,7,5,0.1,,1,28.79,Inefficient
0.79,637,343,147,7,2,0.1,2,1,41.07,Inefficient
0.79,637,343,147,7,3,0.1,,1,34.62,Inefficient
0.79,637,343,147,7,4,0.1,,1,33.87,Inefficient
0.79,637,343,147,7,5,0.1,,1,42.86,Inefficient
0.76,661.5,416.5,122.5,7,2,0.1,,1,33.91,Inefficient
0.76,661.5,416.5,122.5,7,3,0.1,,1,34.07,Inefficient
0.76,661.5,416.5,122.5,7,4,0.1,,1,34.17,Inefficient
0.76,661.5,416.5,122.5,7,5,0.1,,1,33.78,Inefficient
0.74,686,245,220.5,3.5,2,0.1,,0,13.39,Efficient
0.74,686,245,220.5,3.5,3,0.1,,0,13.72,Efficient
0.74,686,245,220.5,3.5,4,0.1,,0,13.57,Efficient
0.74,686,245,220.5,3.5,5,0.1,,0,13.79,Efficient
0.71,710.5,269.5,220.5,3.5,2,0.1,,0,13.67,Efficient
0.71,710.5,269.5,220.5,3.5,3,0.1,,0,14.11,Efficient
0.71,710.5,269.5,220.5,3.5,4,0.1,,0,13.8,Efficient
0.71,710.5,269.5,220.5,3.5,5,0.1,,0,14.21,Efficient
0.69,735,294,220.5,3.5,2,0.1,,0,13.2,Efficient
0.69,735,294,220.5,3.5,3,0.1,,0,13.54,Efficient
0.69,735,294,220.5,3.5,4,0.1,,0,13.32,Efficient
0.69,735,294,220.5,3.5,5,0.1,,0,13.51,Efficient
0.66,759.5,318.5,220.5,3.5,2,0.1,,0,14.86,Efficient
0.66,759.5,318.5,220.5,3.5,3,0.1,,0,14.75,Efficient
0.66,759.5,318.5,220.5,3.5,4,0.1,,0,15,Efficient
0.66,759.5,318.5,220.5,3.5,5,0.1,,0,14.74,Efficient
0.64,784,343,220.5,3.5,2,0.1,,0,19.23,Efficient
0.64,784,343,220.5,3.5,3,0.1,,0,19.34,Efficient
0.64,784,343,220.5,3.5,4,0.1,,0,19.32,Efficient
0.64,784,343,220.5,3.5,5,0.1,,0,19.3,Efficient
0.62,808.5,367.5,220.5,3.5,2,0.1,,0,14.37,Efficient
0.62,808.5,367.5,220.5,3.5,3,0.1,,0,14.57,Efficient
0.62,808.5,367.5,220.5,3.5,4,0.1,,0,14.27,Efficient
0.62,808.5,367.5,220.5,3.5,5,0.1,,0,14.24,Efficient
0.98,514.5,294,110.25,7,2,0.1,,1,25.68,Inefficient
0.98,514.5,294,110.25,7,3,0.1,,1,26.02,Inefficient
0.98,514.5,294,110.25,7,4,0.1,,1,25.84,Inefficient
0.98,514.5,294,110.25,7,5,0.1,,1,26.14,Inefficient
0.9,563.5,318.5,122.5,7,2,0.1,,1,34.14,Inefficient
0.9,563.5,318.5,122.5,7,3,0.1,,1,32.85,Inefficient
0.9,563.5,318.5,122.5,7,4,0.1,,1,30.08,Inefficient
0.9,563.5,318.5,122.5,7,5,0.1,3,1,29.67,Inefficient
0.86,588,294,147,7,2,0.1,3,1,31.73,Inefficient
0.86,588,294,147,7,3,0.1,,1,31.01,Inefficient
0.86,588,294,147,7,4,0.1,,1,25.9,Inefficient
0.86,588,294,147,7,5,0.1,,1,27.4,Inefficient
0.82,612.5,318.5,147,7,2,0.1,,1,28.68,Inefficient
0.82,612.5,318.5,147,7,3,0.1,,1,27.54,Inefficient
0.82,612.5,318.5,147,7,4,0.1,,1,25.35,Inefficient
0.82,612.5,318.5,147,7,5,0.1,,1,24.93,Inefficient
0.79,637,343,147,7,2,0.1,,1,43.12,Inefficient
0.79,637,343,147,7,3,0.1,,1,41.22,Inefficient
0.79,637,343,147,7,4,0.1,,1,35.1,Inefficient
0.79,637,343,147,7,5,0.1,,1,34.29,Inefficient
0.76,661.5,416.5,122.5,7,2,0.1,,1,33.85,Inefficient
0.76,661.5,416.5,122.5,7,3,0.1,,1,34.11,Inefficient
0.76,661.5,416.5,122.5,7,4,0.1,,1,34.48,Inefficient
0.76,661.5,416.5,122.5,7,5,0.1,,1,34.5,Inefficient
0.74,686,245,220.5,3.5,2,0.1,,0,13.6,Efficient
0.74,686,245,220.5,3.5,3,0.1,,0,13.36,Efficient
0.74,686,245,220.5,3.5,4,0.1,,0,13.65,Efficient
0.74,686,245,220.5,3.5,5,0.1,,0,13.49,Efficient
0.71,710.5,269.5,220.5,3.5,2,0.1,,0,14.14,Efficient
0.71,710.5,269.5,220.5,3.5,3,0.1,,0,13.77,Efficient
0.71,710.5,269.5,220.5,3.5,4,0.1,,0,14.3,Efficient
0.71,710.5,269.5,220.5,3.5,5,0.1,3,0,13.87,Efficient
0.69,735,294,220.5,3.5,2,0.1,3,0,14.44,Efficient
0.69,735,294,220.5,3.5,3,0.1,3,0,14.27,Efficient
0.69,735,294,220.5,3.5,4,0.1,3,0,14.67,Efficient
0.69,735,294,220.5,3.5,5,0.1,3,0,14.4,Efficient
0.66,759.5,318.5,220.5,3.5,2,0.1,,0,13.46,Efficient
0.66,759.5,318.5,220.5,3.5,3,0.1,,0,13.7,Efficient
0.66,759.5,318.5,220.5,3.5,4,0.1,,0,13.59,Efficient
0.66,759.5,318.5,220.5,3.5,5,0.1,3,0,13.83,Efficient
0.64,784,343,220.5,3.5,2,0.1,3,0,19.14,Efficient
0.64,784,343,220.5,3.5,3,0.1,,0,19.18,Efficient
0.64,784,343,220.5,3.5,4,0.1,3,0,19.37,Efficient
0.64,784,343,220.5,3.5,5,0.1,3,0,19.29,Efficient
0.62,808.5,367.5,220.5,3.5,2,0.1,3,0,14.09,Efficient
0.62,808.5,367.5,220.5,3.5,3,0.1,,0,14.23,Efficient
0.62,808.5,367.5,220.5,3.5,4,0.1,3,0,14.14,Efficient
0.62,808.5,367.5,220.5,3.5,5,0.1,3,0,13.89,Efficient
0.98,514.5,294,110.25,7,2,0.1,4,1,25.91,Inefficient
0.98,514.5,294,110.25,7,3,0.1,4,1,25.72,Inefficient
0.98,514.5,294,110.25,7,4,0.1,,1,26.18,Inefficient
0.98,514.5,294,110.25,7,5,0.1,,1,25.87,Inefficient
0.9,563.5,318.5,122.5,7,2,0.1,,1,29.34,Inefficient
0.9,563.5,318.5,122.5,7,3,0.1,,1,33.91,Inefficient
0.9,563.5,318.5,122.5,7,4,0.1,,1,32.83,Inefficient
0.9,563.5,318.5,122.5,7,5,0.1,,1,29.92,Inefficient
0.86,588,294,147,7,2,0.1,,1,27.17,Inefficient
0.86,588,294,147,7,3,0.1,,1,31.76,Inefficient
0.86,588,294,147,7,4,0.1,,1,31.06,Inefficient
0.86,588,294,147,7,5,0.1,,1,25.81,Inefficient
0.82,612.5,318.5,147,7,2,0.1,4,1,24.61,Inefficient
0.82,612.5,318.5,147,7,3,0.1,4,1,28.61,Inefficient
0.82,612.5,318.5,147,7,4,0.1,,1,27.57,Inefficient
0.82,612.5,318.5,147,7,5,0.1,,1,25.16,Inefficient
0.79,637,343,147,7,2,0.1,,1,34.25,Inefficient
0.79,637,343,147,7,3,0.1,,1,43.3,Inefficient
0.79,637,343,147,7,4,0.1,,1,41.86,Inefficient
0.79,637,343,147,7,5,0.1,4,1,35.29,Inefficient
0.76,661.5,416.5,122.5,7,2,0.1,4,1,34.11,Inefficient
0.76,661.5,416.5,122.5,7,3,0.1,,1,33.62,Inefficient
0.76,661.5,416.5,122.5,7,4,0.1,,1,33.89,Inefficient
0.76,661.5,416.5,122.5,7,5,0.1,,1,34.05,Inefficient
0.74,686,245,220.5,3.5,2,0.1,,0,13.2,Efficient
0.74,686,245,220.5,3.5,3,0.1,,0,13.36,Efficient
0.74,686,245,220.5,3.5,4,0.1,,0,13.21,Efficient
0.74,686,245,220.5,3.5,5,0.1,,0,13.53,Efficient
0.71,710.5,269.5,220.5,3.5,2,0.1,,0,13.67,Efficient
0.71,710.5,269.5,220.5,3.5,3,0.1,,0,14.12,Efficient
0.71,710.5,269.5,220.5,3.5,4,0.1,,0,13.79,Efficient
0.71,710.5,269.5,220.5,3.5,5,0.1,,0,14.2,Efficient
0.69,735,294,220.5,3.5,2,0.1,,0,14.29,Efficient
0.69,735,294,220.5,3.5,3,0.1,,0,14.49,Efficient
0.69,735,294,220.5,3.5,4,0.1,4,0,14.42,Efficient
0.69,735,294,220.5,3.5,5,0.1,4,0,14.73,Efficient
0.66,759.5,318.5,220.5,3.5,2,0.1,4,0,14.86,Efficient
0.66,759.5,318.5,220.5,3.5,3,0.1,,0,14.67,Efficient
0.66,759.5,318.5,220.5,3.5,4,0.1,4,0,15,Efficient
0.66,759.5,318.5,220.5,3.5,5,0.1,,0,14.83,Efficient
0.64,784,343,220.5,3.5,2,0.1,,0,19.24,Efficient
0.64,784,343,220.5,3.5,3,0.1,,0,19.25,Efficient
0.64,784,343,220.5,3.5,4,0.1,,0,19.42,Efficient
0.64,784,343,220.5,3.5,5,0.1,,0,19.48,Efficient
0.62,808.5,367.5,220.5,3.5,2,0.1,4,0,14.37,Efficient
0.62,808.5,367.5,220.5,3.5,3,0.1,4,0,14.34,Efficient
0.62,808.5,367.5,220.5,3.5,4,0.1,4,0,14.28,Efficient
0.62,808.5,367.5,220.5,3.5,5,0.1,,0,14.47,Efficient
0.98,514.5,294,110.25,7,2,0.1,,1,25.64,Inefficient
0.98,514.5,294,110.25,7,3,0.1,,1,25.98,Inefficient
0.98,514.5,294,110.25,7,4,0.1,,1,25.88,Inefficient
0.98,514.5,294,110.25,7,5,0.1,,1,26.18,Inefficient
0.9,563.5,318.5,122.5,7,2,0.1,,1,29.82,Inefficient
0.9,563.5,318.5,122.5,7,3,0.1,,1,29.52,Inefficient
0.9,563.5,318.5,122.5,7,4,0.1,,1,34.45,Inefficient
0.9,563.5,318.5,122.5,7,5,0.1,,1,33.01,Inefficient
0.86,588,294,147,7,2,0.1,,1,25.82,Inefficient
0.86,588,294,147,7,3,0.1,,1,27.33,Inefficient
0.86,588,294,147,7,4,0.1,,1,32.04,Inefficient
0.86,588,294,147,7,5,0.1,,1,31.28,Inefficient
0.82,612.5,318.5,147,7,2,0.1,,1,25.11,Inefficient
0.82,612.5,318.5,147,7,3,0.1,,1,24.77,Inefficient
0.82,612.5,318.5,147,7,4,0.1,,1,28.88,Inefficient
0.82,612.5,318.5,147,7,5,0.1,5,1,27.69,Inefficient
0.79,637,343,147,7,2,0.1,,1,34.99,Inefficient
0.79,637,343,147,7,3,0.1,5,1,34.18,Inefficient
0.79,637,343,147,7,4,0.1,5,1,43.14,Inefficient
0.79,637,343,147,7,5,0.1,5,1,41.26,Inefficient
0.76,661.5,416.5,122.5,7,2,0.1,5,1,34.25,Inefficient
0.76,661.5,416.5,122.5,7,3,0.1,,1,34.35,Inefficient
0.76,661.5,416.5,122.5,7,4,0.1,,1,33.64,Inefficient
0.76,661.5,416.5,122.5,7,5,0.1,,1,33.88,Inefficient
0.74,686,245,220.5,3.5,2,0.1,,0,13.65,Efficient
0.74,686,245,220.5,3.5,3,0.1,,0,13.44,Efficient
0.74,686,245,220.5,3.5,4,0.1,,0,13.72,Efficient
0.74,686,245,220.5,3.5,5,0.1,,0,13.5,Efficient
0.71,710.5,269.5,220.5,3.5,2,0.1,,0,14.18,Efficient
0.71,710.5,269.5,220.5,3.5,3,0.1,,0,13.75,Efficient
0.71,710.5,269.5,220.5,3.5,4,0.1,,0,14.26,Efficient
0.71,710.5,269.5,220.5,3.5,5,0.1,5,0,13.89,Efficient
0.69,735,294,220.5,3.5,2,0.1,5,0,14.55,Efficient
0.69,735,294,220.5,3.5,3,0.1,,0,14.28,Efficient
0.69,735,294,220.5,3.5,4,0.1,,0,14.46,Efficient
0.69,735,294,220.5,3.5,5,0.1,,0,14.39,Efficient
0.66,759.5,318.5,220.5,3.5,2,0.1,,0,14.54,Efficient
0.66,759.5,318.5,220.5,3.5,3,0.1,5,0,14.81,Efficient
0.66,759.5,318.5,220.5,3.5,4,0.1,5,0,14.65,Efficient
0.66,759.5,318.5,220.5,3.5,5,0.1,5,0,14.87,Efficient
0.64,784,343,220.5,3.5,2,0.1,,0,19.24,Efficient
0.64,784,343,220.5,3.5,3,0.1,5,0,19.18,Efficient
0.64,784,343,220.5,3.5,4,0.1,,0,19.26,Efficient
0.64,784,343,220.5,3.5,5,0.1,5,0,19.29,Efficient
0.62,808.5,367.5,220.5,3.5,2,0.1,5,0,14.24,Efficient
0.62,808.5,367.5,220.5,3.5,3,0.1,,0,13.97,Efficient
0.62,808.5,367.5,220.5,3.5,4,0.1,,0,13.99,Efficient
0.62,808.5,367.5,220.5,3.5,5,0.1,,0,14.15,Efficient
0.98,514.5,294,110.25,7,2,0.25,,1,29.79,Inefficient
0.98,514.5,294,110.25,7,3,0.25,,1,29.79,Inefficient
0.98,514.5,294,110.25,7,4,0.25,,1,29.28,Inefficient
0.98,514.5,294,110.25,7,5,0.25,,1,29.49,Inefficient
0.9,563.5,318.5,122.5,7,2,0.25,,1,36.12,Inefficient
0.9,563.5,318.5,122.5,7,3,0.25,,1,33.17,Inefficient
0.9,563.5,318.5,122.5,7,4,0.25,1,1,32.71,Inefficient
0.9,563.5,318.5,122.5,7,5,0.25,1,1,37.58,Inefficient
0.86,588,294,147,7,2,0.25,,1,33.98,Inefficient
0.86,588,294,147,7,3,0.25,,1,28.61,Inefficient
0.86,588,294,147,7,4,0.25,,1,30.12,Inefficient
0.86,588,294,147,7,5,0.25,,1,34.73,Inefficient
0.82,612.5,318.5,147,7,2,0.25,,1,30.17,Inefficient
0.82,612.5,318.5,147,7,3,0.25,,1,27.84,Inefficient
0.82,612.5,318.5,147,7,4,0.25,1,1,27.25,Inefficient
0.82,612.5,318.5,147,7,5,0.25,,1,31.39,Inefficient
0.79,637,343,147,7,2,0.25,,1,43.8,Inefficient
0.79,637,343,147,7,3,0.25,,1,37.81,Inefficient
0.79,637,343,147,7,4,0.25,,1,36.85,Inefficient
0.79,637,343,147,7,5,0.25,,1,45.52,Inefficient
0.76,661.5,416.5,122.5,7,2,0.25,,1,36.85,Inefficient
0.76,661.5,416.5,122.5,7,3,0.25,,1,37.58,Inefficient
0.76,661.5,416.5,122.5,7,4,0.25,1,1,37.45,Inefficient
0.76,661.5,416.5,122.5,7,5,0.25,1,1,36.62,Inefficient
0.74,686,245,220.5,3.5,2,0.25,1,0,15.19,Efficient
0.74,686,245,220.5,3.5,3,0.25,,0,15.5,Efficient
0.74,686,245,220.5,3.5,4,0.25,,0,15.28,Efficient
0.74,686,245,220.5,3.5,5,0.25,,0,15.5,Efficient
0.71,710.5,269.5,220.5,3.5,2,0.25,,0,15.42,Efficient
0.71,710.5,269.5,220.5,3.5,3,0.25,,0,15.85,Efficient
0.71,710.5,269.5,220.5,3.5,4,0.25,,0,15.44,Efficient
0.71,710.5,269.5,220.5,3.5,5,0.25,,0,15.81,Efficient
0.69,735,294,220.5,3.5,2,0.25,,0,15.21,Efficient
0.69,735,294,220.5,3.5,3,0.25,,0,15.63,Efficient
0.69,735,294,220.5,3.5,4,0.25,,0,15.48,Efficient
0.69,735,294,220.5,3.5,5,0.25,,0,15.78,Efficient
0.66,759.5,318.5,220.5,3.5,2,0.25,,0,16.39,Efficient
0.66,759.5,318.5,220.5,3.5,3,0.25,,0,16.27,Efficient
0.66,759.5,318.5,220.5,3.5,4,0.25,,0,16.39,Efficient
0.66,759.5,318.5,220.5,3.5,5,0.25,1,0,16.19,Efficient
0.64,784,343,220.5,3.5,2,0.25,1,0,21.13,Efficient
0.64,784,343,220.5,3.5,3,0.25,1,0,21.19,Efficient
0.64,784,343,220.5,3.5,4,0.25,,0,21.09,Efficient
0.64,784,343,220.5,3.5,5,0.25,,0,21.08,Efficient
0.62,808.5,367.5,220.5,3.5,2,0.25,,0,15.77,Efficient
0.62,808.5,367.5,220.5,3.5,3,0.25,,0,15.95,Efficient
0.62,808.5,367.5,220.5,3.5,4,0.25,,0,15.77,Efficient
0.62,808.5,367.5,220.5,3.5,5,0.25,1,0,15.76,Efficient
0.98,514.5,294,110.25,7,2,0.25,2,1,29.62,Inefficient
0.98,514.5,294,110.25,7,3,0.25,2,1,29.69,Inefficient
0.98,514.5,294,110.25,7,4,0.25,2,1,30.18,Inefficient
0.98,514.5,294,110.25,7,5,0.25,,1,30.02,Inefficient
0.9,563.5,318.5,122.5,7,2,0.25,,1,35.56,Inefficient
0.9,563.5,318.5,122.5,7,3,0.25,,1,32.64,Inefficient
0.9,563.5,318.5,122.5,7,4,0.25,,1,32.77,Inefficient
0.9,563.5,318.5,122.5,7,5,0.25,,1,37.72,Inefficient
0.86,588,294,147,7,2,0.25,2,1,33.37,Inefficient
0.86,588,294,147,7,3,0.25,2,1,27.89,Inefficient
0.86,588,294,147,7,4,0.25,,1,29.9,Inefficient
0.86,588,294,147,7,5,0.25,2,1,34.52,Inefficient
0.82,612.5,318.5,147,7,2,0.25,2,1,28.27,Inefficient
0.82,612.5,318.5,147,7,3,0.25,2,1,26.96,Inefficient
0.82,612.5,318.5,147,7,4,0.25,,1,26.72,Inefficient
0.82,612.5,318.5,147,7,5,0.25,,1,29.88,Inefficient
0.79,637,343,147,7,2,0.25,,1,43.86,Inefficient
0.79,637,343,147,7,3,0.25,,1,37.41,Inefficient
0.79,637,343,147,7,4,0.25,,1,36.77,Inefficient
0.79,637,343,147,7,5,0.25,,1,45.97,Inefficient
0.76,661.5,416.5,122.5,7,2,0.25,,1,36.87,Inefficient
0.76,661.5,416.5,122.5,7,3,0.25,,1,37.35,Inefficient
0.76,661.5,416.5,122.5,7,4,0.25,,1,37.28,Inefficient
0.76,661.5,416.5,122.5,7,5,0.25,,1,36.81,Inefficient
0.74,686,245,220.5,3.5,2,0.25,,0,14.73,Efficient
0.74,686,245,220.5,3.5,3,0.25,,0,15.1,Efficient
0.74,686,245,220.5,3.5,4,0.25,,0,15.18,Efficient
0.74,686,245,220.5,3.5,5,0.25,,0,15.44,Efficient
0.71,710.5,269.5,220.5,3.5,2,0.25,,0,14.91,Efficient
0.71,710.5,269.5,220.5,3.5,3,0.25,,0,15.4,Efficient
0.71,710.5,269.5,220.5,3.5,4,0.25,,0,14.94,Efficient
0.71,710.5,269.5,220.5,3.5,5,0.25,,0,15.32,Efficient
0.69,735,294,220.5,3.5,2,0.25,,0,15.52,Efficient
0.69,735,294,220.5,3.5,3,0.25,2,0,15.85,Efficient
0.69,735,294,220.5,3.5,4,0.25,2,0,15.66,Efficient
0.69,735,294,220.5,3.5,5,0.25,2,0,15.99,Efficient
0.66,759.5,318.5,220.5,3.5,2,0.25,2,0,15.89,Efficient
0.66,759.5,318.5,220.5,3.5,3,0.25,2,0,15.85,Efficient
0.66,759.5,318.5,220.5,3.5,4,0.25,,0,16.22,Efficient
0.66,759.5,318.5,220.5,3.5,5,0.25,,0,15.87,Efficient
0.64,784,343,220.5,3.5,2,0.25,,0,20.47,Efficient
0.64,784,343,220.5,3.5,3,0.25,,0,20.56,Efficient
0.64,784,343,220.5,3.5,4,0.25,,0,20.48,Efficient
0.64,784,343,220.5,3.5,5,0.25,,0,20.43,Efficient
0.62,808.5,367.5,220.5,3.5,2,0.25,2,0,15.32,Efficient
0.62,808.5,367.5,220.5,3.5,3,0.25,2,0,15.64,Efficient
0.62,808.5,367.5,220.5,3.5,4,0.25,2,0,15.14,Efficient
0.62,808.5,367.5,220.5,3.5,5,0.25,,0,15.3,Efficient
0.98,514.5,294,110.25,7,2,0.25,,1,29.43,Inefficient
0.98,514.5,294,110.25,7,3,0.25,3,1,29.78,Inefficient
0.98,514.5,294,110.25,7,4,0.25,,1,30.1,Inefficient
0.98,514.5,294,110.25,7,5,0.25,,1,30.19,Inefficient
0.9,563.5,318.5,122.5,7,2,0.25,,1,36.35,Inefficient
0.9,563.5,318.5,122.5,7,3,0.25,,1,35.1,Inefficient
0.9,563.5,318.5,122.5,7,4,0.25,3,1,32.83,Inefficient
0.9,563.5,318.5,122.5,7,5,0.25,3,1,32.46,Inefficient
0.86,588,294,147,7,2,0.25,,1,33.52,Inefficient
0.86,588,294,147,7,3,0.25,3,1,32.93,Inefficient
0.86,588,294,147,7,4,0.25,3,1,28.38,Inefficient
0.86,588,294,147,7,5,0.25,,1,29.82,Inefficient
0.82,612.5,318.5,147,7,2,0.25,,1,28.77,Inefficient
0.82,612.5,318.5,147,7,3,0.25,,1,27.76,Inefficient
0.82,612.5,318.5,147,7,4,0.25,3,1,26.95,Inefficient
0.82,612.5,318.5,147,7,5,0.25,,1,26.41,Inefficient
0.79,637,343,147,7,2,0.25,,1,45.13,Inefficient
0.79,637,343,147,7,3,0.25,,1,43.66,Inefficient
0.79,637,343,147,7,4,0.25,,1,37.76,Inefficient
0.79,637,343,147,7,5,0.25,,1,36.87,Inefficient
0.76,661.5,416.5,122.5,7,2,0.25,,1,36.07,Inefficient
0.76,661.5,416.5,122.5,7,3,0.25,,1,36.44,Inefficient
0.76,661.5,416.5,122.5,7,4,0.25,,1,37.28,Inefficient
0.76,661.5,416.5,122.5,7,5,0.25,,1,37.29,Inefficient
0.74,686,245,220.5,3.5,2,0.25,,0,14.49,Efficient
0.74,686,245,220.5,3.5,3,0.25,,0,13.79,Efficient
0.74,686,245,220.5,3.5,4,0.25,,0,14.72,Efficient
0.74,686,245,220.5,3.5,5,0.25,,0,14.76,Efficient
0.71,710.5,269.5,220.5,3.5,2,0.25,,0,14.92,Efficient
0.71,710.5,269.5,220.5,3.5,3,0.25,,0,14.74,Efficient
0.71,710.5,269.5,220.5,3.5,4,0.25,3,0,15.57,Efficient
0.71,710.5,269.5,220.5,3.5,5,0.25,3,0,14.94,Efficient
0.69,735,294,220.5,3.5,2,0.25,3,0,14.92,Efficient
0.69,735,294,220.5,3.5,3,0.25,3,0,14.38,Efficient
0.69,735,294,220.5,3.5,4,0.25,3,0,15.44,Efficient
0.69,735,294,220.5,3.5,5,0.25,,0,15.17,Efficient
0.66,759.5,318.5,220.5,3.5,2,0.25,,0,15.53,Efficient
0.66,759.5,318.5,220.5,3.5,3,0.25,,0,15.8,Efficient
0.66,759.5,318.5,220.5,3.5,4,0.25,,0,16.14,Efficient
0.66,759.5,318.5,220.5,3.5,5,0.25,,0,16.26,Efficient
0.64,784,343,220.5,3.5,2,0.25,,0,19.87,Efficient
0.64,784,343,220.5,3.5,3,0.25,,0,20.03,Efficient
0.64,784,343,220.5,3.5,4,0.25,,0,20.46,Efficient
0.64,784,343,220.5,3.5,5,0.25,,0,20.28,Efficient
0.62,808.5,367.5,220.5,3.5,2,0.25,,0,14.89,Efficient
0.62,808.5,367.5,220.5,3.5,3,0.25,,0,14.96,Efficient
0.62,808.5,367.5,220.5,3.5,4,0.25,,0,14.89,Efficient
0.62,808.5,367.5,220.5,3.5,5,0.25,,0,14.35,Efficient
0.98,514.5,294,110.25,7,2,0.25,,1,29.61,Inefficient
0.98,514.5,294,110.25,7,3,0.25,,1,29.59,Inefficient
0.98,514.5,294,110.25,7,4,0.25,,1,30.19,Inefficient
0.98,514.5,294,110.25,7,5,0.25,,1,30.12,Inefficient
0.9,563.5,318.5,122.5,7,2,0.25,,1,32.12,Inefficient
0.9,563.5,318.5,122.5,7,3,0.25,,1,37.12,Inefficient
0.9,563.5,318.5,122.5,7,4,0.25,,1,36.16,Inefficient
0.9,563.5,318.5,122.5,7,5,0.25,,1,33.16,Inefficient
0.86,588,294,147,7,2,0.25,,1,29.45,Inefficient
0.86,588,294,147,7,3,0.25,,1,34.19,Inefficient
0.86,588,294,147,7,4,0.25,,1,33.93,Inefficient
0.86,588,294,147,7,5,0.25,,1,28.31,Inefficient
0.82,612.5,318.5,147,7,2,0.25,,1,26.3,Inefficient
0.82,612.5,318.5,147,7,3,0.25,4,1,29.43,Inefficient
0.82,612.5,318.5,147,7,4,0.25,,1,28.76,Inefficient
0.82,612.5,318.5,147,7,5,0.25,4,1,27.34,Inefficient
0.79,637,343,147,7,2,0.25,4,1,36.26,Inefficient
0.79,637,343,147,7,3,0.25,4,1,45.48,Inefficient
0.79,637,343,147,7,4,0.25,,1,44.16,Inefficient
0.79,637,343,147,7,5,0.25,,1,37.26,Inefficient
0.76,661.5,416.5,122.5,7,2,0.25,,1,37.2,Inefficient
0.76,661.5,416.5,122.5,7,3,0.25,,1,36.76,Inefficient
0.76,661.5,416.5,122.5,7,4,0.25,,1,37.05,Inefficient
0.76,661.5,416.5,122.5,7,5,0.25,,1,37.51,Inefficient
0.74,686,245,220.5,3.5,2,0.25,,0,14.92,Efficient
0.74,686,245,220.5,3.5,3,0.25,,0,15.24,Efficient
0.74,686,245,220.5,3.5,4,0.25,,0,15.03,Efficient
0.74,686,245,220.5,3.5,5,0.25,,0,15.35,Efficient
0.71,710.5,269.5,220.5,3.5,2,0.25,,0,14.67,Efficient
0.71,710.5,269.5,220.5,3.5,3,0.25,,0,15.09,Efficient
0.71,710.5,269.5,220.5,3.5,4,0.25,4,0,15.2,Efficient
0.71,710.5,269.5,220.5,3.5,5,0.25,4,0,15.64,Efficient
0.69,735,294,220.5,3.5,2,0.25,4,0,15.37,Efficient
0.69,735,294,220.5,3.5,3,0.25,4,0,15.73,Efficient
0.69,735,294,220.5,3.5,4,0.25,4,0,15.83,Efficient
0.69,735,294,220.5,3.5,5,0.25,,0,16.13,Efficient
0.66,759.5,318.5,220.5,3.5,2,0.25,,0,15.95,Efficient
0.66,759.5,318.5,220.5,3.5,3,0.25,,0,15.59,Efficient
0.66,759.5,318.5,220.5,3.5,4,0.25,,0,16.17,Efficient
0.66,759.5,318.5,220.5,3.5,5,0.25,,0,16.14,Efficient
0.64,784,343,220.5,3.5,2,0.25,,0,19.65,Efficient
0.64,784,343,220.5,3.5,3,0.25,,0,19.76,Efficient
0.64,784,343,220.5,3.5,4,0.25,,0,20.37,Efficient
0.64,784,343,220.5,3.5,5,0.25,,0,19.9,Efficient
0.62,808.5,367.5,220.5,3.5,2,0.25,,0,15.41,Efficient
0.62,808.5,367.5,220.5,3.5,3,0.25,,0,15.56,Efficient
0.62,808.5,367.5,220.5,3.5,4,0.25,,0,15.07,Efficient
0.62,808.5,367.5,220.5,3.5,5,0.25,,0,15.38,Efficient
0.98,514.5,294,110.25,7,2,0.25,,1,29.53,Inefficient
0.98,514.5,294,110.25,7,3,0.25,,1,29.77,Inefficient
0.98,514.5,294,110.25,7,4,0.25,5,1,30,Inefficient
0.98,514.5,294,110.25,7,5,0.25,,1,30.2,Inefficient
0.9,563.5,318.5,122.5,7,2,0.25,5,1,32.25,Inefficient
0.9,563.5,318.5,122.5,7,3,0.25,5,1,32,Inefficient
0.9,563.5,318.5,122.5,7,4,0.25,,1,37.19,Inefficient
0.9,563.5,318.5,122.5,7,5,0.25,,1,35.62,Inefficient
0.86,588,294,147,7,2,0.25,,1,28.02,Inefficient
0.86,588,294,147,7,3,0.25,,1,29.43,Inefficient
0.86,588,294,147,7,4,0.25,,1,34.15,Inefficient
0.86,588,294,147,7,5,0.25,,1,33.47,Inefficient
0.82,612.5,318.5,147,7,2,0.25,,1,26.53,Inefficient
0.82,612.5,318.5,147,7,3,0.25,,1,26.08,Inefficient
0.82,612.5,318.5,147,7,4,0.25,,1,29.31,Inefficient
0.82,612.5,318.5,147,7,5,0.25,,1,28.14,Inefficient
0.79,637,343,147,7,2,0.25,,1,37.54,Inefficient
0.79,637,343,147,7,3,0.25,,1,36.66,Inefficient
0.79,637,343,147,7,4,0.25,5,1,45.28,Inefficient
0.79,637,343,147,7,5,0.25,5,1,43.73,Inefficient
0.76,661.5,416.5,122.5,7,2,0.25,5,1,36.93,Inefficient
0.76,661.5,416.5,122.5,7,3,0.25,5,1,37.01,Inefficient
0.76,661.5,416.5,122.5,7,4,0.25,5,1,35.73,Inefficient
0.76,661.5,416.5,122.5,7,5,0.25,5,1,36.15,Inefficient
0.74,686,245,220.5,3.5,2,0.25,,0,14.48,Efficient
0.74,686,245,220.5,3.5,3,0.25,,0,14.58,Efficient
0.74,686,245,220.5,3.5,4,0.25,5,0,14.81,Efficient
0.74,686,245,220.5,3.5,5,0.25,5,0,14.03,Efficient
0.71,710.5,269.5,220.5,3.5,2,0.25,5,0,15.27,Efficient
0.71,710.5,269.5,220.5,3.5,3,0.25,5,0,14.71,Efficient
0.71,710.5,269.5,220.5,3.5,4,0.25,5,0,15.23,Efficient
0.71,710.5,269.5,220.5,3.5,5,0.25,,0,14.97,Efficient
0.69,735,294,220.5,3.5,2,0.25,,0,15.14,Efficient
0.69,735,294,220.5,3.5,3,0.25,,0,14.97,Efficient
0.69,735,294,220.5,3.5,4,0.25,,0,15.22,Efficient
0.69,735,294,220.5,3.5,5,0.25,,0,14.6,Efficient
0.66,759.5,318.5,220.5,3.5,2,0.25,,0,15.83,Efficient
0.66,759.5,318.5,220.5,3.5,3,0.25,,0,16.03,Efficient
0.66,759.5,318.5,220.5,3.5,4,0.25,5,0,15.8,Efficient
0.66,759.5,318.5,220.5,3.5,5,0.25,5,0,16.06,Efficient
0.64,784,343,220.5,3.5,2,0.25,5,0,20.13,Efficient
0.64,784,343,220.5,3.5,3,0.25,5,0,20.01,Efficient
0.64,784,343,220.5,3.5,4,0.25,5,0,20.19,Efficient
0.64,784,343,220.5,3.5,5,0.25,5,0,20.29,Efficient
0.62,808.5,367.5,220.5,3.5,2,0.25,5,0,15.19,Efficient
0.62,808.5,367.5,220.5,3.5,3,0.25,5,0,14.61,Efficient
0.62,808.5,367.5,220.5,3.5,4,0.25,5,0,14.61,Efficient
0.62,808.5,367.5,220.5,3.5,5,0.25,,0,14.75,Efficient
0.98,514.5,294,110.25,7,2,0.4,1,1,33.37,Inefficient
0.98,514.5,294,110.25,7,3,0.4,1,1,33.34,Inefficient
0.98,514.5,294,110.25,7,4,0.4,1,1,32.83,Inefficient
0.98,514.5,294,110.25,7,5,0.4,1,1,33.04,Inefficient
0.9,563.5,318.5,122.5,7,2,0.4,,1,39.28,Inefficient
0.9,563.5,318.5,122.5,7,3,0.4,,1,36.38,Inefficient
0.9,563.5,318.5,122.5,7,4,0.4,,1,35.92,Inefficient
0.9,563.5,318.5,122.5,7,5,0.4,,1,40.99,Inefficient
0.86,588,294,147,7,2,0.4,,1,35.99,Inefficient
0.86,588,294,147,7,3,0.4,,1,30.66,Inefficient
0.86,588,294,147,7,4,0.4,,1,31.7,Inefficient
0.86,588,294,147,7,5,0.4,,1,36.73,Inefficient
0.82,612.5,318.5,147,7,2,0.4,,1,31.71,Inefficient
0.82,612.5,318.5,147,7,3,0.4,1,1,29.13,Inefficient
0.82,612.5,318.5,147,7,4,0.4,1,1,28.99,Inefficient
0.82,612.5,318.5,147,7,5,0.4,1,1,33.54,Inefficient
0.79,637,343,147,7,2,0.4,,1,45.29,Inefficient
0.79,637,343,147,7,3,0.4,1,1,39.07,Inefficient
0.79,637,343,147,7,4,0.4,,1,38.35,Inefficient
0.79,637,343,147,7,5,0.4,,1,46.94,Inefficient
0.76,661.5,416.5,122.5,7,2,0.4,,1,39.55,Inefficient
0.76,661.5,416.5,122.5,7,3,0.4,,1,40.85,Inefficient
0.76,661.5,416.5,122.5,7,4,0.4,,1,40.63,Inefficient
0.76,661.5,416.5,122.5,7,5,0.4,,1,39.48,Inefficient
0.74,686,245,220.5,3.5,2,0.4,1,0,16.94,Efficient
0.74,686,245,220.5,3.5,3,0.4,1,0,17.25,Efficient
0.74,686,245,220.5,3.5,4,0.4,1,0,17.03,Efficient
0.74,686,245,220.5,3.5,5,0.4,1,0,17.25,Efficient
0.71,710.5,269.5,220.5,3.5,2,0.4,1,0,17.1,Efficient
0.71,710.5,269.5,220.5,3.5,3,0.4,1,0,17.51,Efficient
0.71,710.5,269.5,220.5,3.5,4,0.4,1,0,17.12,Efficient
0.71,710.5,269.5,220.5,3.5,5,0.4,1,0,17.47,Efficient
0.69,735,294,220.5,3.5,2,0.4,1,0,16.5,Efficient
0.69,735,294,220.5,3.5,3,0.4,1,0,17,Efficient
0.69,735,294,220.5,3.5,4,0.4,,0,16.87,Efficient
0.69,735,294,220.5,3.5,5,0.4,,0,17.2,Efficient
0.66,759.5,318.5,220.5,3.5,2,0.4,,0,18.14,Efficient
0.66,759.5,318.5,220.5,3.5,3,0.4,,0,18.03,Efficient
0.66,759.5,318.5,220.5,3.5,4,0.4,,0,18.14,Efficient
0.66,759.5,318.5,220.5,3.5,5,0.4,,0,17.95,Efficient
0.64,784,343,220.5,3.5,2,0.4,,0,22.72,Efficient
0.64,784,343,220.5,3.5,3,0.4,,0,22.73,Efficient
0.64,784,343,220.5,3.5,4,0.4,,0,22.72,Efficient
0.64,784,343,220.5,3.5,5,0.4,,0,22.53,Efficient
0.62,808.5,367.5,220.5,3.5,2,0.4,1,0,17.2,Efficient
0.62,808.5,367.5,220.5,3.5,3,0.4,,0,17.21,Efficient
0.62,808.5,367.5,220.5,3.5,4,0.4,,0,17.15,Efficient
0.62,808.5,367.5,220.5,3.5,5,0.4,,0,17.2,Efficient
0.98,514.5,294,110.25,7,2,0.4,,1,32.96,Inefficient
0.98,514.5,294,110.25,7,3,0.4,,1,33.13,Inefficient
0.98,514.5,294,110.25,7,4,0.4,2,1,33.94,Inefficient
0.98,514.5,294,110.25,7,5,0.4,,1,33.78,Inefficient
0.9,563.5,318.5,122.5,7,2,0.4,2,1,38.35,Inefficient
0.9,563.5,318.5,122.5,7,3,0.4,2,1,35.39,Inefficient
0.9,563.5,318.5,122.5,7,4,0.4,2,1,34.94,Inefficient
0.9,563.5,318.5,122.5,7,5,0.4,2,1,40.66,Inefficient
0.86,588,294,147,7,2,0.4,2,1,35.48,Inefficient
0.86,588,294,147,7,3,0.4,2,1,30.53,Inefficient
0.86,588,294,147,7,4,0.4,2,1,32.28,Inefficient
0.86,588,294,147,7,5,0.4,2,1,36.86,Inefficient
0.82,612.5,318.5,147,7,2,0.4,2,1,30.34,Inefficient
0.82,612.5,318.5,147,7,3,0.4,2,1,27.93,Inefficient
0.82,612.5,318.5,147,7,4,0.4,,1,28.95,Inefficient
0.82,612.5,318.5,147,7,5,0.4,,1,32.92,Inefficient
0.79,637,343,147,7,2,0.4,,1,45.59,Inefficient
0.79,637,343,147,7,3,0.4,,1,39.41,Inefficient
0.79,637,343,147,7,4,0.4,,1,38.84,Inefficient
0.79,637,343,147,7,5,0.4,,1,48.03,Inefficient
0.76,661.5,416.5,122.5,7,2,0.4,,1,39.48,Inefficient
0.76,661.5,416.5,122.5,7,3,0.4,,1,40.4,Inefficient
0.76,661.5,416.5,122.5,7,4,0.4,,1,40.47,Inefficient
0.76,661.5,416.5,122.5,7,5,0.4,,1,39.7,Inefficient
0.74,686,245,220.5,3.5,2,0.4,2,0,16.43,Efficient
0.74,686,245,220.5,3.5,3,0.4,2,0,16.93,Efficient
0.74,686,245,220.5,3.5,4,0.4,2,0,16.99,Efficient
0.74,686,245,220.5,3.5,5,0.4,2,0,17.03,Efficient
0.71,710.5,269.5,220.5,3.5,2,0.4,2,0,16.77,Efficient
0.71,710.5,269.5,220.5,3.5,3,0.4,2,0,17.37,Efficient
0.71,710.5,269.5,220.5,3.5,4,0.4,2,0,17.27,Efficient
0.71,710.5,269.5,220.5,3.5,5,0.4,2,0,17.51,Efficient
0.69,735,294,220.5,3.5,2,0.4,2,0,16.44,Efficient
0.69,735,294,220.5,3.5,3,0.4,,0,17.01,Efficient
0.69,735,294,220.5,3.5,4,0.4,,0,17.23,Efficient
0.69,735,294,220.5,3.5,5,0.4,,0,17.22,Efficient
0.66,759.5,318.5,220.5,3.5,2,0.4,,0,17.85,Efficient
0.66,759.5,318.5,220.5,3.5,3,0.4,,0,17.89,Efficient
0.66,759.5,318.5,220.5,3.5,4,0.4,,0,18.36,Efficient
0.66,759.5,318.5,220.5,3.5,5,0.4,,0,18.15,Efficient
0.64,784,343,220.5,3.5,2,0.4,,0,21.72,Efficient
0.64,784,343,220.5,3.5,3,0.4,,0,22.07,Efficient
0.64,784,343,220.5,3.5,4,0.4,,0,22.09,Efficient
0.64,784,343,220.5,3.5,5,0.4,,0,21.93,Efficient
0.62,808.5,367.5,220.5,3.5,2,0.4,,0,17.36,Efficient
0.62,808.5,367.5,220.5,3.5,3,0.4,,0,17.38,Efficient
0.62,808.5,367.5,220.5,3.5,4,0.4,,0,16.86,Efficient
0.62,808.5,367.5,220.5,3.5,5,0.4,,0,16.99,Efficient
0.98,514.5,294,110.25,7,2,0.4,,1,32.78,Inefficient
0.98,514.5,294,110.25,7,3,0.4,,1,33.24,Inefficient
0.98,514.5,294,110.25,7,4,0.4,,1,33.86,Inefficient
0.98,514.5,294,110.25,7,5,0.4,,1,34,Inefficient
0.9,563.5,318.5,122.5,7,2,0.4,,1,37.26,Inefficient
0.9,563.5,318.5,122.5,7,3,0.4,,1,35.04,Inefficient
0.9,563.5,318.5,122.5,7,4,0.4,,1,33.82,Inefficient
0.9,563.5,318.5,122.5,7,5,0.4,,1,33.31,Inefficient
0.86,588,294,147,7,2,0.4,,1,35.22,Inefficient
0.86,588,294,147,7,3,0.4,,1,34.7,Inefficient
0.86,588,294,147,7,4,0.4,,1,30.11,Inefficient
0.86,588,294,147,7,5,0.4,,1,31.6,Inefficient
0.82,612.5,318.5,147,7,2,0.4,,1,32.43,Inefficient
0.82,612.5,318.5,147,7,3,0.4,,1,30.65,Inefficient
0.82,612.5,318.5,147,7,4,0.4,,1,29.77,Inefficient
0.82,612.5,318.5,147,7,5,0.4,,1,29.64,Inefficient
0.79,637,343,147,7,2,0.4,,1,46.44,Inefficient
0.79,637,343,147,7,3,0.4,,1,44.18,Inefficient
0.79,637,343,147,7,4,0.4,,1,38.81,Inefficient
0.79,637,343,147,7,5,0.4,,1,38.23,Inefficient
0.76,661.5,416.5,122.5,7,2,0.4,,1,38.17,Inefficient
0.76,661.5,416.5,122.5,7,3,0.4,,1,38.48,Inefficient
0.76,661.5,416.5,122.5,7,4,0.4,,1,39.66,Inefficient
0.76,661.5,416.5,122.5,7,5,0.4,3,1,40.1,Inefficient
0.74,686,245,220.5,3.5,2,0.4,,0,16.08,Efficient
0.74,686,245,220.5,3.5,3,0.4,3,0,15.39,Efficient
0.74,686,245,220.5,3.5,4,0.4,3,0,16.57,Efficient
0.74,686,245,220.5,3.5,5,0.4,3,0,16.6,Efficient
0.71,710.5,269.5,220.5,3.5,2,0.4,,0,16.11,Efficient
0.71,710.5,269.5,220.5,3.5,3,0.4,3,0,15.47,Efficient
0.71,710.5,269.5,220.5,3.5,4,0.4,3,0,16.7,Efficient
0.71,710.5,269.5,220.5,3.5,5,0.4,,0,16.1,Efficient
0.69,735,294,220.5,3.5,2,0.4,3,0,16.35,Efficient
0.69,735,294,220.5,3.5,3,0.4,3,0,15.84,Efficient
0.69,735,294,220.5,3.5,4,0.4,,0,16.99,Efficient
0.69,735,294,220.5,3.5,5,0.4,,0,17.02,Efficient
0.66,759.5,318.5,220.5,3.5,2,0.4,,0,17.04,Efficient
0.66,759.5,318.5,220.5,3.5,3,0.4,,0,17.63,Efficient
0.66,759.5,318.5,220.5,3.5,4,0.4,,0,18.1,Efficient
0.66,759.5,318.5,220.5,3.5,5,0.4,,0,18.22,Efficient
0.64,784,343,220.5,3.5,2,0.4,,0,20.78,Efficient
0.64,784,343,220.5,3.5,3,0.4,,0,20.72,Efficient
0.64,784,343,220.5,3.5,4,0.4,,0,21.54,Efficient
0.64,784,343,220.5,3.5,5,0.4,,0,21.53,Efficient
0.62,808.5,367.5,220.5,3.5,2,0.4,,0,16.9,Efficient
0.62,808.5,367.5,220.5,3.5,3,0.4,,0,17.14,Efficient
0.62,808.5,367.5,220.5,3.5,4,0.4,,0,16.56,Efficient
0.62,808.5,367.5,220.5,3.5,5,0.4,,0,16,Efficient
0.98,514.5,294,110.25,7,2,0.4,,1,32.95,Inefficient
0.98,514.5,294,110.25,7,3,0.4,,1,33.06,Inefficient
0.98,514.5,294,110.25,7,4,0.4,,1,33.95,Inefficient
0.98,514.5,294,110.25,7,5,0.4,,1,33.88,Inefficient
0.9,563.5,318.5,122.5,7,2,0.4,,1,33.98,Inefficient
0.9,563.5,318.5,122.5,7,3,0.4,,1,39.92,Inefficient
0.9,563.5,318.5,122.5,7,4,0.4,4,1,39.22,Inefficient
0.9,563.5,318.5,122.5,7,5,0.4,4,1,36.1,Inefficient
0.86,588,294,147,7,2,0.4,,1,31.53,Inefficient
0.86,588,294,147,7,3,0.4,,1,36.2,Inefficient
0.86,588,294,147,7,4,0.4,,1,36.21,Inefficient
0.86,588,294,147,7,5,0.4,,1,31,Inefficient
0.82,612.5,318.5,147,7,2,0.4,,1,28.2,Inefficient
0.82,612.5,318.5,147,7,3,0.4,,1,32.35,Inefficient
0.82,612.5,318.5,147,7,4,0.4,,1,31.14,Inefficient
0.82,612.5,318.5,147,7,5,0.4,,1,28.43,Inefficient
0.79,637,343,147,7,2,0.4,,1,38.33,Inefficient
0.79,637,343,147,7,3,0.4,,1,47.59,Inefficient
0.79,637,343,147,7,4,0.4,,1,46.23,Inefficient
0.79,637,343,147,7,5,0.4,,1,39.56,Inefficient
0.76,661.5,416.5,122.5,7,2,0.4,,1,40.36,Inefficient
0.76,661.5,416.5,122.5,7,3,0.4,,1,39.67,Inefficient
0.76,661.5,416.5,122.5,7,4,0.4,,1,39.85,Inefficient
0.76,661.5,416.5,122.5,7,5,0.4,,1,40.77,Inefficient
0.74,686,245,220.5,3.5,2,0.4,,0,16.61,Efficient
0.74,686,245,220.5,3.5,3,0.4,,0,16.74,Efficient
0.74,686,245,220.5,3.5,4,0.4,,0,16.9,Efficient
0.74,686,245,220.5,3.5,5,0.4,4,0,17.32,Efficient
0.71,710.5,269.5,220.5,3.5,2,0.4,,0,16.85,Efficient
0.71,710.5,269.5,220.5,3.5,3,0.4,,0,17.2,Efficient
0.71,710.5,269.5,220.5,3.5,4,0.4,,0,17.23,Efficient
0.71,710.5,269.5,220.5,3.5,5,0.4,,0,17.74,Efficient
0.69,735,294,220.5,3.5,2,0.4,,0,16.81,Efficient
0.69,735,294,220.5,3.5,3,0.4,,0,16.88,Efficient
0.69,735,294,220.5,3.5,4,0.4,,0,16.9,Efficient
0.69,735,294,220.5,3.5,5,0.4,,0,17.39,Efficient
0.66,759.5,318.5,220.5,3.5,2,0.4,,0,17.86,Efficient
0.66,759.5,318.5,220.5,3.5,3,0.4,,0,17.82,Efficient
0.66,759.5,318.5,220.5,3.5,4,0.4,,0,18.36,Efficient
0.66,759.5,318.5,220.5,3.5,5,0.4,,0,18.24,Efficient
0.64,784,343,220.5,3.5,2,0.4,,0,21.68,Efficient
0.64,784,343,220.5,3.5,3,0.4,4,0,21.54,Efficient
0.64,784,343,220.5,3.5,4,0.4,,0,22.25,Efficient
0.64,784,343,220.5,3.5,5,0.4,,0,22.49,Efficient
0.62,808.5,367.5,220.5,3.5,2,0.4,,0,17.1,Efficient
0.62,808.5,367.5,220.5,3.5,3,0.4,,0,16.79,Efficient
0.62,808.5,367.5,220.5,3.5,4,0.4,,0,16.58,Efficient
0.62,808.5,367.5,220.5,3.5,5,0.4,,0,16.79,Efficient
0.98,514.5,294,110.25,7,2,0.4,,1,32.88,Inefficient
0.98,514.5,294,110.25,7,3,0.4,,1,33.23,Inefficient
0.98,514.5,294,110.25,7,4,0.4,,1,33.76,Inefficient
0.98,514.5,294,110.25,7,5,0.4,,1,34.01,Inefficient
0.9,563.5,318.5,122.5,7,2,0.4,,1,33.94,Inefficient
0.9,563.5,318.5,122.5,7,3,0.4,,1,33.14,Inefficient
0.9,563.5,318.5,122.5,7,4,0.4,,1,38.79,Inefficient
0.9,563.5,318.5,122.5,7,5,0.4,,1,37.27,Inefficient
0.86,588,294,147,7,2,0.4,,1,29.69,Inefficient
0.86,588,294,147,7,3,0.4,,1,31.2,Inefficient
0.86,588,294,147,7,4,0.4,,1,36.26,Inefficient
0.86,588,294,147,7,5,0.4,,1,35.71,Inefficient
0.82,612.5,318.5,147,7,2,0.4,5,1,29.93,Inefficient
0.82,612.5,318.5,147,7,3,0.4,,1,29.56,Inefficient
0.82,612.5,318.5,147,7,4,0.4,5,1,33.84,Inefficient
0.82,612.5,318.5,147,7,5,0.4,,1,32.54,Inefficient
0.79,637,343,147,7,2,0.4,5,1,38.56,Inefficient
0.79,637,343,147,7,3,0.4,5,1,37.7,Inefficient
0.79,637,343,147,7,4,0.4,5,1,47.01,Inefficient
0.79,637,343,147,7,5,0.4,,1,44.87,Inefficient
0.76,661.5,416.5,122.5,7,2,0.4,5,1,39.37,Inefficient
0.76,661.5,416.5,122.5,7,3,0.4,5,1,39.8,Inefficient
0.76,661.5,416.5,122.5,7,4,0.4,,1,37.79,Inefficient
0.76,661.5,416.5,122.5,7,5,0.4,5,1,38.18,Inefficient
0.74,686,245,220.5,3.5,2,0.4,,0,16.69,Efficient
0.74,686,245,220.5,3.5,3,0.4,5,0,16.62,Efficient
0.74,686,245,220.5,3.5,4,0.4,,0,16.94,Efficient
0.74,686,245,220.5,3.5,5,0.4,,0,16.7,Efficient
0.71,710.5,269.5,220.5,3.5,2,0.4,,0,15.59,Efficient
0.71,710.5,269.5,220.5,3.5,3,0.4,,0,14.58,Efficient
0.71,710.5,269.5,220.5,3.5,4,0.4,,0,15.33,Efficient
0.71,710.5,269.5,220.5,3.5,5,0.4,,0,15.31,Efficient
0.69,735,294,220.5,3.5,2,0.4,,0,16.63,Efficient
0.69,735,294,220.5,3.5,3,0.4,,0,15.87,Efficient
0.69,735,294,220.5,3.5,4,0.4,,0,16.54,Efficient
0.69,735,294,220.5,3.5,5,0.4,,0,16.74,Efficient
0.66,759.5,318.5,220.5,3.5,2,0.4,,0,17.64,Efficient
0.66,759.5,318.5,220.5,3.5,3,0.4,,0,17.79,Efficient
0.66,759.5,318.5,220.5,3.5,4,0.4,,0,17.55,Efficient
0.66,759.5,318.5,220.5,3.5,5,0.4,,0,18.06,Efficient
0.64,784,343,220.5,3.5,2,0.4,,0,20.82,Efficient
0.64,784,343,220.5,3.5,3,0.4,,0,20.21,Efficient
0.64,784,343,220.5,3.5,4,0.4,,0,20.71,Efficient
0.64,784,343,220.5,3.5,5,0.4,,0,21.4,Efficient
0.62,808.5,367.5,220.5,3.5,2,0.4,,0,16.88,Efficient
0.62,808.5,367.5,220.5,3.5,3,0.4,,0,17.11,Efficient
0.62,808.5,367.5,220.5,3.5,4,0.4,,0,16.61,Efficient
0.62,808.5,367.5,220.5,3.5,5,0.4,,0,16.03,Efficient
